--
-- PostgreSQL database dump
--

\restrict w73vviQkOeJ8LMN45D8JmQVx80jeX0mFmyiKfR4djg5TK829eMx5PvXhHYlxd91

-- Dumped from database version 16.13
-- Dumped by pg_dump version 16.13

SET statement_timeout = 0;
SET lock_timeout = 0;
SET idle_in_transaction_session_timeout = 0;
SET client_encoding = 'UTF8';
SET standard_conforming_strings = on;
SELECT pg_catalog.set_config('search_path', '', false);
SET check_function_bodies = false;
SET xmloption = content;
SET client_min_messages = warning;
SET row_security = off;

--
-- Data for Name: marketwatch_gapsample; Type: TABLE DATA; Schema: public; Owner: postgres
--

INSERT INTO public.marketwatch_gapsample (id, symbol, gap_percent, created_at) VALUES (249090, 'BNBUSDT', -0.11826176, '2026-05-30 06:31:35.442388+00');
INSERT INTO public.marketwatch_gapsample (id, symbol, gap_percent, created_at) VALUES (249091, 'BTCUSDT', -0.22709807, '2026-05-30 06:31:35.442388+00');
INSERT INTO public.marketwatch_gapsample (id, symbol, gap_percent, created_at) VALUES (249092, 'ETHUSDT', 0.23204854, '2026-05-30 06:31:35.442388+00');
INSERT INTO public.marketwatch_gapsample (id, symbol, gap_percent, created_at) VALUES (249093, 'USDTIRR', 0.01697733, '2026-05-30 06:31:35.442388+00');
INSERT INTO public.marketwatch_gapsample (id, symbol, gap_percent, created_at) VALUES (249094, 'USDTIRR', 0.00878066, '2026-05-30 06:31:35.442388+00');
INSERT INTO public.marketwatch_gapsample (id, symbol, gap_percent, created_at) VALUES (249095, 'BNBUSDT', -0.11826176, '2026-05-30 06:31:57.44403+00');
INSERT INTO public.marketwatch_gapsample (id, symbol, gap_percent, created_at) VALUES (249096, 'BTCUSDT', -0.22709807, '2026-05-30 06:31:57.44403+00');
INSERT INTO public.marketwatch_gapsample (id, symbol, gap_percent, created_at) VALUES (249097, 'ETHUSDT', 0.23204854, '2026-05-30 06:31:57.44403+00');
INSERT INTO public.marketwatch_gapsample (id, symbol, gap_percent, created_at) VALUES (249098, 'USDTIRR', 0.01697733, '2026-05-30 06:31:57.44403+00');
INSERT INTO public.marketwatch_gapsample (id, symbol, gap_percent, created_at) VALUES (249099, 'USDTIRR', 0.00878066, '2026-05-30 06:31:57.44403+00');
INSERT INTO public.marketwatch_gapsample (id, symbol, gap_percent, created_at) VALUES (249100, 'BNBUSDT', -0.11826176, '2026-05-30 06:31:56.446624+00');
INSERT INTO public.marketwatch_gapsample (id, symbol, gap_percent, created_at) VALUES (249101, 'BTCUSDT', -0.22709807, '2026-05-30 06:31:56.446624+00');
INSERT INTO public.marketwatch_gapsample (id, symbol, gap_percent, created_at) VALUES (249102, 'ETHUSDT', 0.23204854, '2026-05-30 06:31:56.446624+00');
INSERT INTO public.marketwatch_gapsample (id, symbol, gap_percent, created_at) VALUES (249103, 'USDTIRR', 0.01697733, '2026-05-30 06:31:56.446624+00');
INSERT INTO public.marketwatch_gapsample (id, symbol, gap_percent, created_at) VALUES (249104, 'USDTIRR', 0.00878066, '2026-05-30 06:31:56.446624+00');
INSERT INTO public.marketwatch_gapsample (id, symbol, gap_percent, created_at) VALUES (249105, 'BNBUSDT', -0.11826176, '2026-05-30 06:32:16.458016+00');
INSERT INTO public.marketwatch_gapsample (id, symbol, gap_percent, created_at) VALUES (249106, 'BTCUSDT', -0.16285280, '2026-05-30 06:32:16.458016+00');
INSERT INTO public.marketwatch_gapsample (id, symbol, gap_percent, created_at) VALUES (249107, 'ETHUSDT', 0.23204854, '2026-05-30 06:32:16.458016+00');
INSERT INTO public.marketwatch_gapsample (id, symbol, gap_percent, created_at) VALUES (249108, 'USDTIRR', -0.01580130, '2026-05-30 06:32:16.458016+00');
INSERT INTO public.marketwatch_gapsample (id, symbol, gap_percent, created_at) VALUES (249109, 'USDTIRR', -0.05557506, '2026-05-30 06:32:16.458016+00');
INSERT INTO public.marketwatch_gapsample (id, symbol, gap_percent, created_at) VALUES (249110, 'BNBUSDT', -0.11826176, '2026-05-30 06:32:37.453443+00');
INSERT INTO public.marketwatch_gapsample (id, symbol, gap_percent, created_at) VALUES (249111, 'BTCUSDT', 0.24484361, '2026-05-30 06:32:37.453443+00');
INSERT INTO public.marketwatch_gapsample (id, symbol, gap_percent, created_at) VALUES (249112, 'ETHUSDT', 0.23204854, '2026-05-30 06:32:37.453443+00');
INSERT INTO public.marketwatch_gapsample (id, symbol, gap_percent, created_at) VALUES (249113, 'USDTIRR', -0.01580130, '2026-05-30 06:32:37.453443+00');
INSERT INTO public.marketwatch_gapsample (id, symbol, gap_percent, created_at) VALUES (249114, 'USDTIRR', -0.05557506, '2026-05-30 06:32:37.453443+00');
INSERT INTO public.marketwatch_gapsample (id, symbol, gap_percent, created_at) VALUES (249115, 'BNBUSDT', -0.11826176, '2026-05-30 06:32:59.4535+00');
INSERT INTO public.marketwatch_gapsample (id, symbol, gap_percent, created_at) VALUES (249116, 'BTCUSDT', -0.16285277, '2026-05-30 06:32:59.4535+00');
INSERT INTO public.marketwatch_gapsample (id, symbol, gap_percent, created_at) VALUES (249117, 'ETHUSDT', 0.23204854, '2026-05-30 06:32:59.4535+00');
INSERT INTO public.marketwatch_gapsample (id, symbol, gap_percent, created_at) VALUES (249118, 'USDTIRR', -0.01580130, '2026-05-30 06:32:59.4535+00');
INSERT INTO public.marketwatch_gapsample (id, symbol, gap_percent, created_at) VALUES (249119, 'USDTIRR', -0.05557506, '2026-05-30 06:32:59.4535+00');
INSERT INTO public.marketwatch_gapsample (id, symbol, gap_percent, created_at) VALUES (249120, 'BNBUSDT', -0.11826176, '2026-05-30 06:32:58.455145+00');
INSERT INTO public.marketwatch_gapsample (id, symbol, gap_percent, created_at) VALUES (249121, 'BTCUSDT', -0.16285277, '2026-05-30 06:32:58.455145+00');
INSERT INTO public.marketwatch_gapsample (id, symbol, gap_percent, created_at) VALUES (249122, 'ETHUSDT', 0.23204854, '2026-05-30 06:32:58.455145+00');
INSERT INTO public.marketwatch_gapsample (id, symbol, gap_percent, created_at) VALUES (249123, 'USDTIRR', -0.01580130, '2026-05-30 06:32:58.455145+00');
INSERT INTO public.marketwatch_gapsample (id, symbol, gap_percent, created_at) VALUES (249124, 'USDTIRR', -0.05557506, '2026-05-30 06:32:58.455145+00');
INSERT INTO public.marketwatch_gapsample (id, symbol, gap_percent, created_at) VALUES (249050, 'BNBUSDT', 0.00776618, '2026-05-30 06:30:32.185246+00');
INSERT INTO public.marketwatch_gapsample (id, symbol, gap_percent, created_at) VALUES (249051, 'BTCUSDT', -0.15701232, '2026-05-30 06:30:32.185246+00');
INSERT INTO public.marketwatch_gapsample (id, symbol, gap_percent, created_at) VALUES (249052, 'ETHUSDT', 0.20869462, '2026-05-30 06:30:32.185246+00');
INSERT INTO public.marketwatch_gapsample (id, symbol, gap_percent, created_at) VALUES (249053, 'USDTIRR', 0.00175628, '2026-05-30 06:30:32.185246+00');
INSERT INTO public.marketwatch_gapsample (id, symbol, gap_percent, created_at) VALUES (249054, 'USDTIRR', -0.07663059, '2026-05-30 06:30:32.185246+00');
INSERT INTO public.marketwatch_gapsample (id, symbol, gap_percent, created_at) VALUES (249055, 'BNBUSDT', 0.00776618, '2026-05-30 06:30:32.594994+00');
INSERT INTO public.marketwatch_gapsample (id, symbol, gap_percent, created_at) VALUES (249056, 'BTCUSDT', -0.15701232, '2026-05-30 06:30:32.594994+00');
INSERT INTO public.marketwatch_gapsample (id, symbol, gap_percent, created_at) VALUES (249057, 'ETHUSDT', 0.20869462, '2026-05-30 06:30:32.594994+00');
INSERT INTO public.marketwatch_gapsample (id, symbol, gap_percent, created_at) VALUES (249058, 'USDTIRR', 0.00175628, '2026-05-30 06:30:32.594994+00');
INSERT INTO public.marketwatch_gapsample (id, symbol, gap_percent, created_at) VALUES (249059, 'USDTIRR', -0.07663059, '2026-05-30 06:30:32.594994+00');
INSERT INTO public.marketwatch_gapsample (id, symbol, gap_percent, created_at) VALUES (249060, 'BNBUSDT', 0.00776618, '2026-05-30 06:30:32.189933+00');
INSERT INTO public.marketwatch_gapsample (id, symbol, gap_percent, created_at) VALUES (249061, 'BTCUSDT', -0.15701232, '2026-05-30 06:30:32.189933+00');
INSERT INTO public.marketwatch_gapsample (id, symbol, gap_percent, created_at) VALUES (249062, 'ETHUSDT', 0.20869462, '2026-05-30 06:30:32.189933+00');
INSERT INTO public.marketwatch_gapsample (id, symbol, gap_percent, created_at) VALUES (249063, 'USDTIRR', 0.00175628, '2026-05-30 06:30:32.189933+00');
INSERT INTO public.marketwatch_gapsample (id, symbol, gap_percent, created_at) VALUES (249064, 'USDTIRR', -0.07663059, '2026-05-30 06:30:32.189933+00');
INSERT INTO public.marketwatch_gapsample (id, symbol, gap_percent, created_at) VALUES (249065, 'BNBUSDT', 0.00776618, '2026-05-30 06:30:32.185113+00');
INSERT INTO public.marketwatch_gapsample (id, symbol, gap_percent, created_at) VALUES (249066, 'BTCUSDT', -0.15701232, '2026-05-30 06:30:32.185113+00');
INSERT INTO public.marketwatch_gapsample (id, symbol, gap_percent, created_at) VALUES (249067, 'ETHUSDT', 0.20869462, '2026-05-30 06:30:32.185113+00');
INSERT INTO public.marketwatch_gapsample (id, symbol, gap_percent, created_at) VALUES (249068, 'USDTIRR', 0.00175628, '2026-05-30 06:30:32.185113+00');
INSERT INTO public.marketwatch_gapsample (id, symbol, gap_percent, created_at) VALUES (249069, 'USDTIRR', -0.07663059, '2026-05-30 06:30:32.185113+00');
INSERT INTO public.marketwatch_gapsample (id, symbol, gap_percent, created_at) VALUES (249070, 'BNBUSDT', 0.00776618, '2026-05-30 06:30:53.492733+00');
INSERT INTO public.marketwatch_gapsample (id, symbol, gap_percent, created_at) VALUES (249071, 'BTCUSDT', -0.01322255, '2026-05-30 06:30:53.492733+00');
INSERT INTO public.marketwatch_gapsample (id, symbol, gap_percent, created_at) VALUES (249072, 'ETHUSDT', 0.23204854, '2026-05-30 06:30:53.492733+00');
INSERT INTO public.marketwatch_gapsample (id, symbol, gap_percent, created_at) VALUES (249073, 'USDTIRR', 0.00175628, '2026-05-30 06:30:53.492733+00');
INSERT INTO public.marketwatch_gapsample (id, symbol, gap_percent, created_at) VALUES (249074, 'USDTIRR', -0.00643915, '2026-05-30 06:30:53.492733+00');
INSERT INTO public.marketwatch_gapsample (id, symbol, gap_percent, created_at) VALUES (249075, 'BNBUSDT', 0.00776618, '2026-05-30 06:30:52.438721+00');
INSERT INTO public.marketwatch_gapsample (id, symbol, gap_percent, created_at) VALUES (249076, 'BTCUSDT', -0.01322255, '2026-05-30 06:30:52.438721+00');
INSERT INTO public.marketwatch_gapsample (id, symbol, gap_percent, created_at) VALUES (249077, 'ETHUSDT', 0.23204854, '2026-05-30 06:30:52.438721+00');
INSERT INTO public.marketwatch_gapsample (id, symbol, gap_percent, created_at) VALUES (249078, 'USDTIRR', 0.00175628, '2026-05-30 06:30:52.438721+00');
INSERT INTO public.marketwatch_gapsample (id, symbol, gap_percent, created_at) VALUES (249079, 'USDTIRR', -0.00643915, '2026-05-30 06:30:52.438721+00');
INSERT INTO public.marketwatch_gapsample (id, symbol, gap_percent, created_at) VALUES (249080, 'BNBUSDT', -0.11826176, '2026-05-30 06:31:13.444384+00');
INSERT INTO public.marketwatch_gapsample (id, symbol, gap_percent, created_at) VALUES (249081, 'BTCUSDT', -0.01322256, '2026-05-30 06:31:13.444384+00');
INSERT INTO public.marketwatch_gapsample (id, symbol, gap_percent, created_at) VALUES (249082, 'ETHUSDT', 0.23204854, '2026-05-30 06:31:13.444384+00');
INSERT INTO public.marketwatch_gapsample (id, symbol, gap_percent, created_at) VALUES (249083, 'USDTIRR', 0.01697733, '2026-05-30 06:31:13.444384+00');
INSERT INTO public.marketwatch_gapsample (id, symbol, gap_percent, created_at) VALUES (249085, 'USDTIRR', 0.00878066, '2026-05-30 06:31:13.444384+00');
INSERT INTO public.marketwatch_gapsample (id, symbol, gap_percent, created_at) VALUES (249084, 'BNBUSDT', -0.11826176, '2026-05-30 06:31:14.442538+00');
INSERT INTO public.marketwatch_gapsample (id, symbol, gap_percent, created_at) VALUES (249086, 'BTCUSDT', -0.01322256, '2026-05-30 06:31:14.442538+00');
INSERT INTO public.marketwatch_gapsample (id, symbol, gap_percent, created_at) VALUES (249087, 'ETHUSDT', 0.23204854, '2026-05-30 06:31:14.442538+00');
INSERT INTO public.marketwatch_gapsample (id, symbol, gap_percent, created_at) VALUES (249088, 'USDTIRR', 0.01697733, '2026-05-30 06:31:14.442538+00');
INSERT INTO public.marketwatch_gapsample (id, symbol, gap_percent, created_at) VALUES (249089, 'USDTIRR', 0.00878066, '2026-05-30 06:31:14.442538+00');


--
-- Data for Name: marketwatch_marketquote; Type: TABLE DATA; Schema: public; Owner: postgres
--

INSERT INTO public.marketwatch_marketquote (id, symbol, display_symbol, wallex_price, reference_price, reference_exchange, gap_percent, gap_stddev_percent, gap_abs, last_trade_at, status, errors, fetched_at, updated_at, bitbank_spread_fetched_at, bitbank_spread_percent, bitbank_spread_status, bitbank_spread_abs) VALUES (6, 'Bitbank:ETHUSDT:Binance', 'ETH / USDT', 2305.500000000000, NULL, 'Binance', NULL, NULL, NULL, NULL, 'error', '["binance: https://api.binance.com/api/v3/trades?symbol=ETHUSDT&limit=1: timed out; https://api.binance.com/api/v3/trades?symbol=ETHUSDT&limit=1: timed out; https://api.binance.com/api/v3/trades?symbol=ETHUSDT&limit=1: timed out; https://api1.binance.com/api/v3/trades?symbol=ETHUSDT&limit=1: timed out; https://api1.binance.com/api/v3/trades?symbol=ETHUSDT&limit=1: timed out; https://api1.binance.com/api/v3/trades?symbol=ETHUSDT&limit=1: timed out; https://api2.binance.com/api/v3/trades?symbol=ETHUSDT&limit=1: timed out; https://api2.binance.com/api/v3/trades?symbol=ETHUSDT&limit=1: timed out; https://api2.binance.com/api/v3/trades?symbol=ETHUSDT&limit=1: timed out; https://api3.binance.com/api/v3/trades?symbol=ETHUSDT&limit=1: timed out; https://api3.binance.com/api/v3/trades?symbol=ETHUSDT&limit=1: timed out; https://api3.binance.com/api/v3/trades?symbol=ETHUSDT&limit=1: timed out; https://data-api.binance.vision/api/v3/trades?symbol=ETHUSDT&limit=1: timed out; https://data-api.binance.vision/api/v3/trades?symbol=ETHUSDT&limit=1: timed out; https://data-api.binance.vision/api/v3/trades?symbol=ETHUSDT&limit=1: timed out"]', '2026-05-02 14:09:53.669495+00', '2026-05-02 14:15:35.771888+00', NULL, NULL, 'normal', NULL);
INSERT INTO public.marketwatch_marketquote (id, symbol, display_symbol, wallex_price, reference_price, reference_exchange, gap_percent, gap_stddev_percent, gap_abs, last_trade_at, status, errors, fetched_at, updated_at, bitbank_spread_fetched_at, bitbank_spread_percent, bitbank_spread_status, bitbank_spread_abs) VALUES (1, 'Wallex:BTCUSDT:Binance', 'BTC / USDT', 78330.020000000000, NULL, 'Binance', NULL, NULL, NULL, '2026-05-02T17:39:46+03:30', 'error', '["binance: https://api.binance.com/api/v3/trades?symbol=BTCUSDT&limit=1: timed out; https://api.binance.com/api/v3/trades?symbol=BTCUSDT&limit=1: timed out; https://api.binance.com/api/v3/trades?symbol=BTCUSDT&limit=1: timed out; https://api1.binance.com/api/v3/trades?symbol=BTCUSDT&limit=1: timed out; https://api1.binance.com/api/v3/trades?symbol=BTCUSDT&limit=1: timed out; https://api1.binance.com/api/v3/trades?symbol=BTCUSDT&limit=1: timed out; https://api2.binance.com/api/v3/trades?symbol=BTCUSDT&limit=1: timed out; https://api2.binance.com/api/v3/trades?symbol=BTCUSDT&limit=1: timed out; https://api2.binance.com/api/v3/trades?symbol=BTCUSDT&limit=1: timed out; https://api3.binance.com/api/v3/trades?symbol=BTCUSDT&limit=1: timed out; https://api3.binance.com/api/v3/trades?symbol=BTCUSDT&limit=1: timed out; https://api3.binance.com/api/v3/trades?symbol=BTCUSDT&limit=1: timed out; https://data-api.binance.vision/api/v3/trades?symbol=BTCUSDT&limit=1: timed out; https://data-api.binance.vision/api/v3/trades?symbol=BTCUSDT&limit=1: timed out; https://data-api.binance.vision/api/v3/trades?symbol=BTCUSDT&limit=1: timed out"]', '2026-05-02 14:09:53.669495+00', '2026-05-02 14:15:35.76782+00', NULL, NULL, 'normal', NULL);
INSERT INTO public.marketwatch_marketquote (id, symbol, display_symbol, wallex_price, reference_price, reference_exchange, gap_percent, gap_stddev_percent, gap_abs, last_trade_at, status, errors, fetched_at, updated_at, bitbank_spread_fetched_at, bitbank_spread_percent, bitbank_spread_status, bitbank_spread_abs) VALUES (2, 'Wallex:ETHUSDT:Binance', 'ETH / USDT', 2307.570000000000, NULL, 'Binance', NULL, NULL, NULL, '2026-05-02T17:39:29+03:30', 'error', '["binance: https://api.binance.com/api/v3/trades?symbol=ETHUSDT&limit=1: timed out; https://api.binance.com/api/v3/trades?symbol=ETHUSDT&limit=1: timed out; https://api.binance.com/api/v3/trades?symbol=ETHUSDT&limit=1: timed out; https://api1.binance.com/api/v3/trades?symbol=ETHUSDT&limit=1: timed out; https://api1.binance.com/api/v3/trades?symbol=ETHUSDT&limit=1: timed out; https://api1.binance.com/api/v3/trades?symbol=ETHUSDT&limit=1: timed out; https://api2.binance.com/api/v3/trades?symbol=ETHUSDT&limit=1: timed out; https://api2.binance.com/api/v3/trades?symbol=ETHUSDT&limit=1: timed out; https://api2.binance.com/api/v3/trades?symbol=ETHUSDT&limit=1: timed out; https://api3.binance.com/api/v3/trades?symbol=ETHUSDT&limit=1: timed out; https://api3.binance.com/api/v3/trades?symbol=ETHUSDT&limit=1: timed out; https://api3.binance.com/api/v3/trades?symbol=ETHUSDT&limit=1: timed out; https://data-api.binance.vision/api/v3/trades?symbol=ETHUSDT&limit=1: timed out; https://data-api.binance.vision/api/v3/trades?symbol=ETHUSDT&limit=1: timed out; https://data-api.binance.vision/api/v3/trades?symbol=ETHUSDT&limit=1: timed out"]', '2026-05-02 14:09:53.669495+00', '2026-05-02 14:15:35.776693+00', NULL, NULL, 'normal', NULL);
INSERT INTO public.marketwatch_marketquote (id, symbol, display_symbol, wallex_price, reference_price, reference_exchange, gap_percent, gap_stddev_percent, gap_abs, last_trade_at, status, errors, fetched_at, updated_at, bitbank_spread_fetched_at, bitbank_spread_percent, bitbank_spread_status, bitbank_spread_abs) VALUES (3, 'Wallex:BNBUSDT:Binance', 'BNB / USDT', 611.367300000000, NULL, 'Binance', NULL, NULL, NULL, '2026-05-02T16:58:30+03:30', 'error', '["binance: https://api.binance.com/api/v3/trades?symbol=BNBUSDT&limit=1: timed out; https://api.binance.com/api/v3/trades?symbol=BNBUSDT&limit=1: timed out; https://api.binance.com/api/v3/trades?symbol=BNBUSDT&limit=1: timed out; https://api1.binance.com/api/v3/trades?symbol=BNBUSDT&limit=1: timed out; https://api1.binance.com/api/v3/trades?symbol=BNBUSDT&limit=1: timed out; https://api1.binance.com/api/v3/trades?symbol=BNBUSDT&limit=1: timed out; https://api2.binance.com/api/v3/trades?symbol=BNBUSDT&limit=1: timed out; https://api2.binance.com/api/v3/trades?symbol=BNBUSDT&limit=1: timed out; https://api2.binance.com/api/v3/trades?symbol=BNBUSDT&limit=1: timed out; https://api3.binance.com/api/v3/trades?symbol=BNBUSDT&limit=1: timed out; https://api3.binance.com/api/v3/trades?symbol=BNBUSDT&limit=1: timed out; https://api3.binance.com/api/v3/trades?symbol=BNBUSDT&limit=1: timed out; https://data-api.binance.vision/api/v3/trades?symbol=BNBUSDT&limit=1: timed out; https://data-api.binance.vision/api/v3/trades?symbol=BNBUSDT&limit=1: timed out; https://data-api.binance.vision/api/v3/trades?symbol=BNBUSDT&limit=1: timed out"]', '2026-05-02 14:09:53.669495+00', '2026-05-02 14:15:35.778283+00', NULL, NULL, 'normal', NULL);
INSERT INTO public.marketwatch_marketquote (id, symbol, display_symbol, wallex_price, reference_price, reference_exchange, gap_percent, gap_stddev_percent, gap_abs, last_trade_at, status, errors, fetched_at, updated_at, bitbank_spread_fetched_at, bitbank_spread_percent, bitbank_spread_status, bitbank_spread_abs) VALUES (7, 'Bitbank:USDTIRR:Wallex', 'USDTIRT', 170845.000000000000, 170872.000000000000, 'Wallex', -0.01580000, NULL, -27.000000000000, '2026-05-30T10:02:37+03:30', 'normal', '[]', '2026-05-30 06:32:58.455145+00', '2026-05-30 06:33:00.204878+00', '2026-05-30 06:33:09.459088+00', 0.08133959, 'normal', 139.000000000000);
INSERT INTO public.marketwatch_marketquote (id, symbol, display_symbol, wallex_price, reference_price, reference_exchange, gap_percent, gap_stddev_percent, gap_abs, last_trade_at, status, errors, fetched_at, updated_at, bitbank_spread_fetched_at, bitbank_spread_percent, bitbank_spread_status, bitbank_spread_abs) VALUES (10, 'Bitbank:BNBUSDT:Wallex', 'BNBUSDT', 666.206200000000, 666.995000000000, 'Wallex', -0.11830000, NULL, -0.788800000000, '2026-05-30T09:44:43+03:30', 'normal', '[]', '2026-05-30 06:32:58.455145+00', '2026-05-30 06:33:00.197663+00', '2026-05-30 06:33:09.459088+00', 1.79769418, 'normal', 12.016800000000);
INSERT INTO public.marketwatch_marketquote (id, symbol, display_symbol, wallex_price, reference_price, reference_exchange, gap_percent, gap_stddev_percent, gap_abs, last_trade_at, status, errors, fetched_at, updated_at, bitbank_spread_fetched_at, bitbank_spread_percent, bitbank_spread_status, bitbank_spread_abs) VALUES (5, 'Bitbank:BTCUSDT:Nobitex', 'BTCUSDT', 73531.630000000000, 73651.573628173628, 'Nobitex', -0.16290000, NULL, -119.943628173628, '2026-05-30T10:02:47.727000+03:30', 'normal', '[]', '2026-05-30 06:32:58.455145+00', '2026-05-30 06:33:00.200231+00', '2026-05-30 06:33:09.459088+00', 0.28931839, 'spread-danger', 212.750000000000);
INSERT INTO public.marketwatch_marketquote (id, symbol, display_symbol, wallex_price, reference_price, reference_exchange, gap_percent, gap_stddev_percent, gap_abs, last_trade_at, status, errors, fetched_at, updated_at, bitbank_spread_fetched_at, bitbank_spread_percent, bitbank_spread_status, bitbank_spread_abs) VALUES (9, 'Bitbank:ETHUSDT:Wallex', 'ETHUSDT', 2017.180000000000, 2012.510000000000, 'Wallex', 0.23200000, NULL, 4.670000000000, '2026-05-30T09:14:01+03:30', 'normal', '[]', '2026-05-30 06:32:58.455145+00', '2026-05-30 06:33:00.20265+00', '2026-05-30 06:33:09.459088+00', 0.60817090, 'normal', 12.270000000000);
INSERT INTO public.marketwatch_marketquote (id, symbol, display_symbol, wallex_price, reference_price, reference_exchange, gap_percent, gap_stddev_percent, gap_abs, last_trade_at, status, errors, fetched_at, updated_at, bitbank_spread_fetched_at, bitbank_spread_percent, bitbank_spread_status, bitbank_spread_abs) VALUES (4, 'Wallex:USDTTMN:Nobitex', 'USDTIRT', 179777.000000000000, 180050.000000000000, 'Nobitex', -0.15160000, NULL, -273.000000000000, '2026-05-13T11:29:51+03:30', 'normal', '[]', '2026-05-13 07:59:54.206425+00', '2026-05-13 07:59:54.567015+00', NULL, NULL, 'normal', NULL);
INSERT INTO public.marketwatch_marketquote (id, symbol, display_symbol, wallex_price, reference_price, reference_exchange, gap_percent, gap_stddev_percent, gap_abs, last_trade_at, status, errors, fetched_at, updated_at, bitbank_spread_fetched_at, bitbank_spread_percent, bitbank_spread_status, bitbank_spread_abs) VALUES (8, 'Bitbank:USDTIRR:Nobitex', 'USDTIRT', 170845.000000000000, 170940.000000000000, 'Nobitex', -0.05560000, NULL, -95.000000000000, '2026-05-30T10:02:48.667000+03:30', 'normal', '[]', '2026-05-30 06:32:58.455145+00', '2026-05-30 06:33:00.208673+00', '2026-05-30 06:33:09.459088+00', 0.08133959, 'normal', 139.000000000000);


--
-- Data for Name: marketwatch_monitorcard; Type: TABLE DATA; Schema: public; Owner: postgres
--

INSERT INTO public.marketwatch_monitorcard (id, symbol, reference_exchange, compare_exchange, show_on_monitor, display_order, normal_color, created_at, updated_at, spread_alert_color, spread_siren_enabled, spread_threshold_percent, spread_fast_threshold_percent) VALUES (8, 'USDTIRR', 'Bitbank', 'Wallex', true, 1, 'blue', '2026-05-02 12:25:15.333417+00', '2026-05-05 11:52:11.331376+00', 'purple', false, 1.00000000, 1.50000000);
INSERT INTO public.marketwatch_monitorcard (id, symbol, reference_exchange, compare_exchange, show_on_monitor, display_order, normal_color, created_at, updated_at, spread_alert_color, spread_siren_enabled, spread_threshold_percent, spread_fast_threshold_percent) VALUES (7, 'USDTIRR', 'Bitbank', 'Nobitex', true, 1, 'blue', '2026-05-02 12:24:57.996139+00', '2026-05-13 07:59:29.321193+00', 'purple', true, 2.00000000, 1.00000000);
INSERT INTO public.marketwatch_monitorcard (id, symbol, reference_exchange, compare_exchange, show_on_monitor, display_order, normal_color, created_at, updated_at, spread_alert_color, spread_siren_enabled, spread_threshold_percent, spread_fast_threshold_percent) VALUES (4, 'USDTTMN', 'Wallex', 'Nobitex', false, 4, 'gray', '2026-05-02 11:23:58.568624+00', '2026-05-13 07:59:56.586727+00', 'purple', false, 1.00000000, 1.50000000);
INSERT INTO public.marketwatch_monitorcard (id, symbol, reference_exchange, compare_exchange, show_on_monitor, display_order, normal_color, created_at, updated_at, spread_alert_color, spread_siren_enabled, spread_threshold_percent, spread_fast_threshold_percent) VALUES (5, 'BTCUSDT', 'Bitbank', 'Nobitex', true, 1, 'blue', '2026-05-02 12:21:45.911349+00', '2026-05-13 08:10:57.562976+00', 'purple', true, 0.10000000, 0.20000000);
INSERT INTO public.marketwatch_monitorcard (id, symbol, reference_exchange, compare_exchange, show_on_monitor, display_order, normal_color, created_at, updated_at, spread_alert_color, spread_siren_enabled, spread_threshold_percent, spread_fast_threshold_percent) VALUES (10, 'BNBUSDT', 'Bitbank', 'Wallex', true, 1, 'blue', '2026-05-13 08:21:55.760371+00', '2026-05-13 08:22:46.740813+00', 'purple', false, 2.00000000, 2.00000000);
INSERT INTO public.marketwatch_monitorcard (id, symbol, reference_exchange, compare_exchange, show_on_monitor, display_order, normal_color, created_at, updated_at, spread_alert_color, spread_siren_enabled, spread_threshold_percent, spread_fast_threshold_percent) VALUES (9, 'ETHUSDT', 'Bitbank', 'Wallex', true, 1, 'blue', '2026-05-13 08:21:09.013958+00', '2026-05-13 08:58:09.964959+00', 'purple', false, 2.00000000, 3.00000000);


--
-- Data for Name: marketwatch_monitorsettings; Type: TABLE DATA; Schema: public; Owner: postgres
--

INSERT INTO public.marketwatch_monitorsettings (id, sync_interval_minutes, last_synced_at, updated_at, telegram_alerts_enabled, telegram_bot_token, telegram_chat_id, telegram_last_summary_at, telegram_summary_interval_minutes, sync_interval_seconds, bitbank_spread_interval_seconds, last_spread_synced_at) VALUES (1, 1, '2026-05-30 06:32:58.455145+00', '2026-05-17 08:27:48.166615+00', true, '', '-1003920033454', '2026-05-30 06:32:37.453443+00', 2, 20, 5, '2026-05-30 06:33:09.459088+00');


--
-- Data for Name: marketwatch_thresholdrule; Type: TABLE DATA; Schema: public; Owner: postgres
--

INSERT INTO public.marketwatch_thresholdrule (id, category, bound, operator, threshold_percent, enabled, card_id) VALUES (17, 'warning', 'upper', '>=', 1.00000000, true, 5);
INSERT INTO public.marketwatch_thresholdrule (id, category, bound, operator, threshold_percent, enabled, card_id) VALUES (18, 'warning', 'lower', '<=', -1.00000000, true, 5);
INSERT INTO public.marketwatch_thresholdrule (id, category, bound, operator, threshold_percent, enabled, card_id) VALUES (19, 'danger', 'upper', '>=', 3.00000000, true, 5);
INSERT INTO public.marketwatch_thresholdrule (id, category, bound, operator, threshold_percent, enabled, card_id) VALUES (20, 'danger', 'lower', '<=', -3.00000000, true, 5);
INSERT INTO public.marketwatch_thresholdrule (id, category, bound, operator, threshold_percent, enabled, card_id) VALUES (21, 'danger', 'upper', '>=', 0.50000000, true, 5);
INSERT INTO public.marketwatch_thresholdrule (id, category, bound, operator, threshold_percent, enabled, card_id) VALUES (29, 'warning', 'lower', '<=', -0.20000000, true, 7);
INSERT INTO public.marketwatch_thresholdrule (id, category, bound, operator, threshold_percent, enabled, card_id) VALUES (28, 'warning', 'upper', '>=', 0.20000000, true, 7);
INSERT INTO public.marketwatch_thresholdrule (id, category, bound, operator, threshold_percent, enabled, card_id) VALUES (27, 'danger', 'lower', '<=', -0.50000000, true, 7);
INSERT INTO public.marketwatch_thresholdrule (id, category, bound, operator, threshold_percent, enabled, card_id) VALUES (26, 'danger', 'upper', '>=', 0.50000000, true, 7);
INSERT INTO public.marketwatch_thresholdrule (id, category, bound, operator, threshold_percent, enabled, card_id) VALUES (33, 'danger', 'lower', '<=', -0.50000000, true, 8);
INSERT INTO public.marketwatch_thresholdrule (id, category, bound, operator, threshold_percent, enabled, card_id) VALUES (34, 'danger', 'upper', '>=', 0.50000000, true, 8);
INSERT INTO public.marketwatch_thresholdrule (id, category, bound, operator, threshold_percent, enabled, card_id) VALUES (35, 'warning', 'upper', '>=', 0.20000000, true, 8);
INSERT INTO public.marketwatch_thresholdrule (id, category, bound, operator, threshold_percent, enabled, card_id) VALUES (36, 'warning', 'lower', '<=', -0.20000000, true, 8);
INSERT INTO public.marketwatch_thresholdrule (id, category, bound, operator, threshold_percent, enabled, card_id) VALUES (37, 'warning', 'upper', '>=', 1.00000000, true, 9);
INSERT INTO public.marketwatch_thresholdrule (id, category, bound, operator, threshold_percent, enabled, card_id) VALUES (38, 'warning', 'lower', '<=', -1.00000000, true, 9);
INSERT INTO public.marketwatch_thresholdrule (id, category, bound, operator, threshold_percent, enabled, card_id) VALUES (39, 'danger', 'upper', '>=', 3.00000000, true, 9);
INSERT INTO public.marketwatch_thresholdrule (id, category, bound, operator, threshold_percent, enabled, card_id) VALUES (40, 'danger', 'lower', '<=', -3.00000000, true, 9);
INSERT INTO public.marketwatch_thresholdrule (id, category, bound, operator, threshold_percent, enabled, card_id) VALUES (41, 'warning', 'upper', '>=', 1.00000000, true, 10);
INSERT INTO public.marketwatch_thresholdrule (id, category, bound, operator, threshold_percent, enabled, card_id) VALUES (42, 'warning', 'lower', '<=', -1.00000000, true, 10);
INSERT INTO public.marketwatch_thresholdrule (id, category, bound, operator, threshold_percent, enabled, card_id) VALUES (43, 'danger', 'upper', '>=', 3.00000000, true, 10);
INSERT INTO public.marketwatch_thresholdrule (id, category, bound, operator, threshold_percent, enabled, card_id) VALUES (44, 'danger', 'lower', '<=', -3.00000000, true, 10);


--
-- Name: marketwatch_gapsample_id_seq; Type: SEQUENCE SET; Schema: public; Owner: postgres
--

SELECT pg_catalog.setval('public.marketwatch_gapsample_id_seq', 249124, true);


--
-- Name: marketwatch_marketquote_id_seq; Type: SEQUENCE SET; Schema: public; Owner: postgres
--

SELECT pg_catalog.setval('public.marketwatch_marketquote_id_seq', 10, true);


--
-- Name: marketwatch_monitorcard_id_seq; Type: SEQUENCE SET; Schema: public; Owner: postgres
--

SELECT pg_catalog.setval('public.marketwatch_monitorcard_id_seq', 10, true);


--
-- Name: marketwatch_monitorsettings_id_seq; Type: SEQUENCE SET; Schema: public; Owner: postgres
--

SELECT pg_catalog.setval('public.marketwatch_monitorsettings_id_seq', 1, false);


--
-- Name: marketwatch_thresholdrule_id_seq; Type: SEQUENCE SET; Schema: public; Owner: postgres
--

SELECT pg_catalog.setval('public.marketwatch_thresholdrule_id_seq', 44, true);


--
-- PostgreSQL database dump complete
--

\unrestrict w73vviQkOeJ8LMN45D8JmQVx80jeX0mFmyiKfR4djg5TK829eMx5PvXhHYlxd91

